{
  "data": [
    {
      "title": "Sales Today",
      "icon": "receipt",
      "value": "13,456",
      "diff": 34,
      "period": "today"
    },
    {
      "title": "Visitors",
      "icon": "coin",
      "value": "4,145",
      "diff": -13,
      "period": "annual"
    },
    {
      "title": "Total Earnings",
      "icon": "discount",
      "value": "$ 74,5",
      "diff": 18,
      "period": "monthly"
    },
    {
      "title": "Pending Orders",
      "icon": "user",
      "value": "188",
      "diff": -30
    }
  ]
}
